{
  "file_1MB_identical": {
    "komparu": {
      "mean": 0.00032396363120866593,
      "median": 0.0003612499714460725,
      "stdev": 5.4002565167774304e-05,
      "min": 0.0002605440351821877,
      "max": 0.00036486317643747096,
      "samples": 5
    },
    "filecmp": {
      "mean": 0.00037353173898828904,
      "median": 0.00037163494834581076,
      "stdev": 9.153834113008818e-06,
      "min": 0.0003614280652890225,
      "max": 0.00038553470372155194,
      "samples": 5
    },
    "hashlib_sha256": {
      "mean": 0.0022493769899460665,
      "median": 0.0021789864790547606,
      "stdev": 0.00020623619694128465,
      "min": 0.0020904638151493424,
      "max": 0.0026093361303239607,
      "samples": 5
    },
    "cmp": {
      "mean": 0.0020382104034069926,
      "median": 0.001421786000719294,
      "stdev": 0.0009793684266220122,
      "min": 0.0012432399962563068,
      "max": 0.0032296610006596893,
      "samples": 5
    },
    "diff": {
      "mean": 0.004568427801132202,
      "median": 0.004013117984868586,
      "stdev": 0.0008820273801373271,
      "min": 0.0039850140165071934,
      "max": 0.0060064799909014255,
      "samples": 5
    },
    "go": {
      "mean": 0.0050864388060290365,
      "median": 0.005199811013881117,
      "stdev": 0.0013254984885487655,
      "min": 0.0030732559971511364,
      "max": 0.006685090018436313,
      "samples": 5
    },
    "rust": {
      "mean": 0.0033150675997603686,
      "median": 0.002617162012029439,
      "stdev": 0.00169004639764613,
      "min": 0.0018254659953527153,
      "max": 0.00573292700573802,
      "samples": 5
    }
  }
}